<application>
  <component name="CPPToolchains" version="7">
    <toolchains detectedVersion="5">
      <toolchain name="MinGW" toolSetKind="MINGW" toolSetPath="BUNDLED_MINGW" debuggerKind="BUNDLED_GDB" />
      <toolchain name="Visual Studio x86" toolSetKind="MSVC" toolSetPath="C:\Program Files (x86)\Microsoft Visual Studio\2019\BuildTools" debuggerKind="BUNDLED_LLDB">
        <toolSetOption type="msvc.arch" value="x86" />
      </toolchain>
      <toolchain name="Visual Studio x64" toolSetKind="MSVC" toolSetPath="C:\Program Files (x86)\Microsoft Visual Studio\2019\BuildTools" debuggerKind="BUNDLED_LLDB">
        <toolSetOption type="msvc.arch" value="amd64" />
      </toolchain>
    </toolchains>
  </component>
</application>